Prompt,Baseline,Fine_Tuned
This product is,"This product is not designed for a specific purpose.

























































































","This product is currently in the download gallery. Please try again later.





















































































"
I bought this phone and,"I bought this phone and I can't wait to get it done!""

""I just want to apologize, but I still don't know if I'll stop paying for the phone.""
""Thank you for it! Do you have any of the phone you get with me? Can't I be honest and tell you my phone got lost in the woods?""
I finally went to the phone, and my phone was ringing.
""Oh wait! I got it! I got the phone","I bought this phone and it sounded cool. I noticed the sound of the phone vibrating on the wall and looked up. I forgot my phone was working.



































































"
The quality of this item,"The quality of this item will depend on your current level of use.





















































































","The quality of this item has improved significantly and it will soon be available in both white and grey sizes.














































































"
